{
  "accuracy": [
    0.3651185631752014,
    0.42490118741989136,
    0.4530632495880127,
    0.46590909361839294,
    0.4836956560611725,
    0.5103754997253418,
    0.5306324362754822,
    0.5321146249771118,
    0.5563241243362427,
    0.5647233128547668,
    0.5899209380149841,
    0.592391312122345,
    0.614130437374115,
    0.6151185631752014,
    0.6067193746566772,
    0.6457509994506836,
    0.6645256876945496,
    0.6694663763046265,
    0.6714426875114441,
    0.6862648129463196,
    0.7000988125801086,
    0.7114624381065369,
    0.7104743123054504,
    0.7218379378318787,
    0.7332015633583069
  ],
  "val_accuracy": [
    0.23459245264530182,
    0.22067594528198242,
    0.23061630129814148,
    0.1391650140285492,
    0.16898608207702637,
    0.30218687653541565,
    0.4592445194721222,
    0.37773358821868896,
    0.43538767099380493,
    0.3896620273590088,
    0.4731610417366028,
    0.4075546860694885,
    0.445328027009964,
    0.43538767099380493,
    0.38568589091300964,
    0.5606361627578735,
    0.46918490529060364,
    0.5268389582633972,
    0.46918490529060364,
    0.5785288214683533,
    0.49701789021492004,
    0.6063618063926697,
    0.5467196702957153,
    0.5825049877166748,
    0.5745526552200317
  ],
  "loss": [
    1.601085901260376,
    1.4675511121749878,
    1.3980686664581299,
    1.3562177419662476,
    1.332421898841858,
    1.2678954601287842,
    1.2022985219955444,
    1.1831250190734863,
    1.1237728595733643,
    1.1245808601379395,
    1.0718427896499634,
    1.0631647109985352,
    1.0411242246627808,
    0.9853047132492065,
    1.0152506828308105,
    0.9327375292778015,
    0.9010716080665588,
    0.8687717914581299,
    0.8707444071769714,
    0.8460215926170349,
    0.7850269675254822,
    0.7823842763900757,
    0.7648729681968689,
    0.7353038191795349,
    0.7064797282218933
  ],
  "val_loss": [
    1.9890193939208984,
    2.332120180130005,
    2.032461404800415,
    2.2763512134552,
    2.003645181655884,
    1.6786322593688965,
    1.360487937927246,
    1.5289627313613892,
    1.3672631978988647,
    1.4370557069778442,
    1.2945771217346191,
    1.6773391962051392,
    1.568132996559143,
    1.5921770334243774,
    1.6594363451004028,
    1.1313366889953613,
    1.3847603797912598,
    1.2251708507537842,
    1.569772720336914,
    1.1533048152923584,
    1.350735068321228,
    1.1075294017791748,
    1.1584886312484741,
    1.0606471300125122,
    1.1559723615646362
  ]
}